Claim_ID,Age,Gender,Policy_Type,Policy_Duration_Years,Annual_Premium,Annual_Income,Previous_Claim_Count,Claim_Amount,Incident_Severity,Previous_Claim,Fraud_History,Claim_Status
1,58,Male,Health,12,23024,693575,1,36579,High,Yes,Yes,Approved
2,55,Female,Health,1,11140,638517,1,132475,High,Yes,Yes,Approved
3,63,Female,Auto,8,43618,763408,0,198916,Low,No,No,Rejected
4,35,Male,Auto,13,27059,394350,0,99595,Low,No,No,Rejected
5,56,Female,Health,12,35108,1304551,0,241774,Medium,Yes,No,Approved
6,58,Female,Auto,12,9558,276100,1,202655,Medium,Yes,Yes,Approved
7,24,Female,Life,8,46660,945108,1,97040,Medium,Yes,No,Approved
8,62,Male,Auto,9,52784,693405,1,121178,Medium,No,Yes,Approved
9,61,Female,Health,4,58857,247319,2,105162,Medium,Yes,Yes,Approved
10,54,Female,Auto,11,37717,1009700,3,37452,Medium,Yes,Yes,Approved
11,65,Female,Home,15,43242,1017603,2,57493,Low,No,Yes,Approved
12,66,Male,Health,3,46120,515506,3,156345,Low,No,No,Approved
13,56,Female,Life,9,5752,420232,4,196838,Medium,No,Yes,Approved
14,36,Female,Auto,8,5212,732366,4,199743,Low,Yes,No,Approved
15,58,Male,Auto,6,54971,518792,4,249954,High,Yes,No,Approved
16,49,Male,Health,15,28788,824903,1,15184,Low,Yes,Yes,Approved
17,64,Female,Health,13,39911,443738,1,172949,Medium,Yes,No,Approved
18,51,Female,Auto,15,40343,601844,2,104593,High,No,No,Approved
19,51,Female,Health,4,19725,314272,2,5514,High,Yes,Yes,Approved
20,18,Male,Health,4,9417,245877,2,18574,High,Yes,No,Approved
21,60,Female,Auto,9,13671,1377564,4,123907,Low,No,No,Rejected
22,30,Male,Health,11,33249,923015,3,107767,Medium,Yes,Yes,Approved
23,21,Female,Life,13,12161,701470,1,49862,High,No,Yes,Approved
24,45,Male,Life,8,21371,338093,3,211818,High,Yes,Yes,Approved
25,59,Male,Health,15,54385,675723,1,106539,Medium,No,Yes,Approved
26,43,Male,Auto,7,5141,998773,2,242881,Medium,No,No,Approved
27,62,Female,Auto,4,24445,636551,0,151828,High,Yes,No,Approved
28,21,Male,Home,9,39807,510160,0,133124,Low,Yes,Yes,Approved
29,56,Male,Auto,7,12856,1374695,1,151760,High,Yes,Yes,Approved
30,44,Female,Life,4,48891,838891,1,69629,Medium,Yes,No,Approved
31,47,Female,Health,1,35034,1482665,4,26209,Low,Yes,No,Approved
32,26,Female,Health,15,21009,954954,2,41352,Medium,No,Yes,Approved
33,60,Female,Health,15,13800,734625,0,233232,Low,Yes,No,Approved
34,36,Male,Life,4,50055,733614,4,128065,Medium,Yes,Yes,Approved
35,58,Female,Life,1,5232,879518,1,167015,Medium,Yes,No,Approved
36,53,Female,Health,2,9931,492589,4,9444,Medium,Yes,No,Approved
37,26,Male,Life,6,57174,263665,2,55070,High,Yes,Yes,Approved
38,40,Female,Auto,15,20514,520790,1,231057,Medium,Yes,Yes,Approved
39,65,Female,Home,13,48903,700444,2,41732,High,Yes,No,Approved
40,20,Female,Auto,4,58515,1145325,2,80003,Low,Yes,Yes,Approved
41,60,Male,Home,6,23258,325585,2,92050,High,No,No,Approved
42,19,Male,Life,3,43049,736723,0,28417,High,No,No,Approved
43,64,Female,Home,10,38516,422526,3,235799,High,Yes,No,Approved
44,20,Female,Health,9,57855,1309215,1,95478,Medium,Yes,No,Approved
45,57,Female,Health,12,24681,1243512,2,174821,Medium,No,No,Approved
46,62,Female,Auto,4,32554,975125,1,161353,High,No,No,Approved
47,53,Male,Life,5,18774,1081540,4,159032,High,No,No,Approved
48,46,Female,Auto,9,36010,535868,0,74392,High,No,Yes,Approved
49,70,Male,Life,4,57858,597605,1,6402,Low,Yes,No,Rejected
50,57,Male,Home,7,46272,1387269,1,188310,High,No,No,Approved
51,43,Male,Auto,11,50064,191628,0,204058,Medium,Yes,Yes,Approved
52,69,Female,Health,9,21331,434507,3,34954,Medium,No,No,Approved
53,57,Female,Home,15,15430,1175464,3,67945,Low,No,No,Rejected
54,58,Male,Life,8,10077,779215,1,71228,Medium,No,Yes,Approved
55,26,Male,Auto,7,50478,500455,1,16837,Medium,No,No,Rejected
56,52,Female,Home,1,18555,1061104,3,237197,High,Yes,No,Approved
57,48,Male,Life,5,54379,997861,3,141091,High,Yes,No,Approved
58,32,Female,Home,8,6902,995492,2,175341,High,No,Yes,Approved
59,47,Male,Health,15,30822,1421289,4,173801,Low,Yes,No,Approved
60,26,Female,Auto,1,22049,975038,2,55485,Medium,No,No,Rejected
61,66,Female,Life,13,59520,1064085,2,218866,Low,No,Yes,Approved
62,65,Male,Life,4,47607,323903,0,197717,Low,Yes,Yes,Approved
63,19,Male,Auto,3,36035,419892,4,248448,Low,No,No,Approved
64,67,Female,Auto,10,44796,420192,1,81536,Low,Yes,No,Rejected
65,54,Female,Home,12,17997,339376,4,181040,High,Yes,Yes,Approved
66,62,Female,Health,13,42088,266128,2,139655,Medium,No,Yes,Approved
67,50,Female,Health,14,32528,1208027,0,113645,Medium,No,Yes,Approved
68,45,Male,Life,10,57966,1308630,3,121863,Medium,No,No,Approved
69,33,Male,Life,15,34543,691418,3,149382,High,No,No,Approved
70,19,Female,Life,3,36952,624847,2,209146,Medium,No,No,Approved
71,56,Female,Health,9,17521,359543,1,188763,Medium,No,Yes,Approved
72,62,Female,Home,8,56965,216161,0,77132,Low,No,Yes,Approved
73,37,Female,Home,9,39794,900911,3,195542,High,No,No,Approved
74,62,Female,Life,5,21475,663473,0,189080,Low,No,Yes,Approved
75,65,Male,Auto,4,53405,1195438,2,189945,High,No,Yes,Approved
76,30,Female,Auto,6,16759,813901,0,185602,High,Yes,No,Approved
77,20,Male,Life,12,13275,1209447,0,228778,Low,No,No,Rejected
78,48,Female,Life,3,8367,709485,3,29907,Low,No,No,Rejected
79,22,Male,Auto,3,58159,1360360,2,22329,Low,Yes,No,Rejected
80,56,Male,Home,8,34014,803594,4,112415,Medium,Yes,Yes,Approved
81,66,Male,Auto,5,48281,350262,1,62879,Low,Yes,Yes,Approved
82,18,Female,Home,12,43916,1165477,2,8556,Low,No,No,Rejected
83,62,Female,Health,11,20297,734811,4,173325,Low,No,Yes,Approved
84,52,Male,Auto,15,22408,478291,0,15633,Low,No,No,Rejected
85,46,Male,Home,12,24928,1024121,2,131195,High,No,No,Approved
86,23,Male,Home,12,26123,1446079,2,6780,Low,Yes,Yes,Approved
87,66,Female,Health,13,54562,547401,3,136043,High,No,No,Approved
88,29,Female,Home,2,35802,909727,3,87374,Medium,Yes,Yes,Approved
89,39,Female,Home,5,48423,1019809,4,9619,Medium,Yes,No,Approved
90,34,Female,Health,13,31488,1259186,0,172401,High,No,No,Approved
91,21,Male,Life,10,54574,1225415,3,199226,Low,Yes,No,Approved
92,53,Male,Life,8,50760,1196514,0,7567,High,Yes,Yes,Approved
93,37,Male,Home,2,19725,417945,3,248266,Low,Yes,No,Approved
94,63,Female,Life,7,59704,1191874,3,63892,Medium,Yes,No,Approved
95,30,Male,Health,5,55638,1050197,2,244907,High,No,Yes,Approved
96,36,Female,Home,14,14738,1116477,4,126967,Medium,No,No,Approved
97,47,Female,Auto,12,20650,1379146,3,61226,Medium,Yes,No,Approved
98,65,Female,Home,7,48495,498987,3,9704,Low,No,Yes,Approved
99,46,Male,Home,1,52346,482315,3,228309,High,Yes,Yes,Approved
100,48,Female,Life,10,50397,1013582,0,223285,Medium,No,No,Approved
